,mutability,n_seqs,n_sites
cds,4.213275489938511e-05,1294782,155800440
intergenic,3.16788354502687e-05,30265,1632535849
